Branch,District
Head Office,Bengaluru Urban
Pollachi,Coimbatore
Anthiyur,Erode
Mettupalayam,Coimbatore
Karur,Tiruchirappalli
Krishnagiri,Dharmapuri
Vellore,Vellore
Chikmagalur,Chikkamagaluru
Channarayapatna,Hassan
Shimoga,Shivamogga
Virajpet,Kodagu
Theni,Madurai
Davangere,Davanagere
Chamarajanagar,Mysuru
Hunsur,Mysuru
Hosapete,Ballari
Sirsi,Uttara Kannada
Puttur,Dakshina Kannada
Madanapalle,Chittoor
Sira,Tumakuru
Lingsugur,Raichur
Thanjavur,Thanjavur
Kadapa,Y.S.R. Kadapa
Kadiri,Anantapur
